{
  "train_loss": [
    3.4664321840604146,
    3.0550003099441527,
    2.899365349451701,
    2.783938458442688,
    2.6852995064258574,
    2.6102044173876444,
    2.530235283136368,
    2.474295588493347
  ],
  "val_loss": [
    2.4615385377407075,
    2.308552636305491,
    2.233841925462087,
    2.1479482301076254,
    2.097393090724945,
    2.0663064034779866,
    2.042180459499359,
    2.0153098408381145
  ],
  "train_answer_acc": [
    0.537,
    0.5436666666666666,
    0.5443333333333333,
    0.5483333333333333,
    0.5536666666666666,
    0.56,
    0.5653333333333334,
    0.57
  ],
  "val_answer_acc": [
    0.655,
    0.655,
    0.655,
    0.655,
    0.655,
    0.6583333333333333,
    0.66,
    0.6616666666666666
  ],
  "train_answerability_acc": [
    0.5396666666666666,
    0.6353333333333333,
    0.68,
    0.687,
    0.708,
    0.72,
    0.7223333333333334,
    0.7416666666666667
  ],
  "val_answerability_acc": [
    0.67,
    0.725,
    0.755,
    0.765,
    0.7766666666666666,
    0.7866666666666666,
    0.7833333333333333,
    0.7883333333333333
  ]
}